{
  "id": "",
  "name": "",
  "font_family": "iconfont",
  "css_prefix_text": "icon-",
  "description": "",
  "glyphs": [
    {
      "icon_id": "646372",
      "name": "人民币",
      "font_class": "renminbi",
      "unicode": "e62a",
      "unicode_decimal": 58922
    },
    {
      "icon_id": "731367",
      "name": "回到顶部",
      "font_class": "huidaodingbu",
      "unicode": "e6a4",
      "unicode_decimal": 59044
    },
    {
      "icon_id": "1046183",
      "name": "我",
      "font_class": "wo",
      "unicode": "e60b",
      "unicode_decimal": 58891
    },
    {
      "icon_id": "1100385",
      "name": "搜索",
      "font_class": "sousuo",
      "unicode": "e684",
      "unicode_decimal": 59012
    },
    {
      "icon_id": "1115048",
      "name": "箭头",
      "font_class": "jiantou",
      "unicode": "e622",
      "unicode_decimal": 58914
    },
    {
      "icon_id": "1166151",
      "name": "方向盘",
      "font_class": "iconfontzhizuobiaozhun023150",
      "unicode": "e698",
      "unicode_decimal": 59032
    },
    {
      "icon_id": "1203704",
      "name": "转让",
      "font_class": "zhuanrang",
      "unicode": "e606",
      "unicode_decimal": 58886
    },
    {
      "icon_id": "1212310",
      "name": "足迹",
      "font_class": "zuji",
      "unicode": "e677",
      "unicode_decimal": 58999
    },
    {
      "icon_id": "1219309",
      "name": "客服",
      "font_class": "kefu",
      "unicode": "e643",
      "unicode_decimal": 58947
    },
    {
      "icon_id": "1252043",
      "name": "黄金金条",
      "font_class": "huangjinjintiao",
      "unicode": "e69e",
      "unicode_decimal": 59038
    },
    {
      "icon_id": "1284182",
      "name": "加油卡",
      "font_class": "jiayouqia",
      "unicode": "e63a",
      "unicode_decimal": 58938
    },
    {
      "icon_id": "1660739",
      "name": "钱币",
      "font_class": "qianbi",
      "unicode": "e627",
      "unicode_decimal": 58919
    },
    {
      "icon_id": "2578451",
      "name": "实名",
      "font_class": "shiming",
      "unicode": "e60a",
      "unicode_decimal": 58890
    },
    {
      "icon_id": "3900237",
      "name": "盾牌",
      "font_class": "dunpai",
      "unicode": "e60e",
      "unicode_decimal": 58894
    },
    {
      "icon_id": "3977926",
      "name": "信用卡",
      "font_class": "xinyongqia",
      "unicode": "e605",
      "unicode_decimal": 58885
    },
    {
      "icon_id": "4251728",
      "name": "购物车",
      "font_class": "gouwuche",
      "unicode": "e63f",
      "unicode_decimal": 58943
    },
    {
      "icon_id": "4941941",
      "name": "纸业",
      "font_class": "paper-industry",
      "unicode": "e650",
      "unicode_decimal": 58960
    },
    {
      "icon_id": "5403198",
      "name": "信用卡",
      "font_class": "xinyongqia1",
      "unicode": "e640",
      "unicode_decimal": 58944
    },
    {
      "icon_id": "5910684",
      "name": "信用",
      "font_class": "xinyong",
      "unicode": "e700",
      "unicode_decimal": 59136
    },
    {
      "icon_id": "6460203",
      "name": "借钱",
      "font_class": "jieqian",
      "unicode": "e611",
      "unicode_decimal": 58897
    },
    {
      "icon_id": "6460225",
      "name": "定期还款",
      "font_class": "dingqihuankuan",
      "unicode": "e623",
      "unicode_decimal": 58915
    },
    {
      "icon_id": "6889244",
      "name": "京东",
      "font_class": "jingdong-",
      "unicode": "e504",
      "unicode_decimal": 58628
    },
    {
      "icon_id": "8289033",
      "name": "星星",
      "font_class": "xingxing",
      "unicode": "e870",
      "unicode_decimal": 59504
    },
    {
      "icon_id": "9652339",
      "name": "头像",
      "font_class": "touxiang",
      "unicode": "e664",
      "unicode_decimal": 58980
    },
    {
      "icon_id": "10223261",
      "name": "首页",
      "font_class": "shouye",
      "unicode": "e624",
      "unicode_decimal": 58916
    }
  ]
}
